{
    "Menu":[
        {
            "menu_id":"M1203",
            "menu_name":"Sushi",
            "menu_img":"../../../sushi.jpg",
            "menu_des":"Sushi is a traditional Japanese dish of prepared vinegared rice, usually with some sugar and salt, accompanied by a variety of ingredients, such as seafood, often raw, and vegetables. "
        },
        {
            "menu_id":"M1207",
            "menu_name":"Burger",
            "menu_img":"../../../burger.jpg",
            "menu_des":"Sushi is a traditional Japanese dish of prepared vinegared rice, usually with some sugar and salt, accompanied by a variety of ingredients, such as seafood, often raw, and vegetables. "
        },
        {
            "menu_id":"M1209",
            "menu_name":"Pizza",
            "menu_img":"../../../pizza.jpg",
            "menu_des":"Sushi is a traditional Japanese dish of prepared vinegared rice, usually with some sugar and salt, accompanied by a variety of ingredients, such as seafood, often raw, and vegetables. "
        },
        {
            "menu_id":"M1211",
            "menu_name":"Mexican",
            "menu_img":"../../../mexican.jpg",
            "menu_des":"Sushi is a traditional Japanese dish of prepared vinegared rice, usually with some sugar and salt, accompanied by a variety of ingredients, such as seafood, often raw, and vegetables. "
        },
        {
            "menu_id":"M1213",
            "menu_name":"Barbeque",
            "menu_img":"../../../Barbe.jpg",
            "menu_des":"Sushi is a traditional Japanese dish of prepared vinegared rice, usually with some sugar and salt, accompanied by a variety of ingredients, such as seafood, often raw, and vegetables. "
        },
        {
            "menu_id":"M1215",
            "menu_name":"Sandwitch",
            "menu_img":"../../../sandwitch.jpg",
            "menu_des":"Sushi is a traditional Japanese dish of prepared vinegared rice, usually with some sugar and salt, accompanied by a variety of ingredients, such as seafood, often raw, and vegetables. "
        }
       
    ]
}